previous_answer,question,answers,answer_id,data_type,data_url
0,"–°–∞–ª–µ–º.–ê–π–∂—É–ª–¥—ã–∑ –ê–¥–∞–π–±–µ–∫–æ–≤–∞–Ω—ã“£ –ø—Å–∏—Ö–æ–ª–æ–≥ –±–æ—Ç—ã–Ω–∞ “õ–æ—à –∫–µ–ª–¥—ñ“£!–ë“±–ª –ø—Å–∏—Ö–æ–ª–æ–≥ —Å–µ–Ω–¥–µ–≥—ñ –±–∞—Ä “õ–∞–∑—ñ—Ä–≥—ñ “õ–∏—ã–Ω–¥—ã“õ—Ç–∞—Ä“ì–∞ –∞–Ω–∞–ª–∏–∑ –∂–∞—Å–∞–ø, –∂–µ“£—ñ–ª–¥–µ—Ç—É–≥–µ –∞—Ä–Ω–∞–ª“ì–∞–Ω –Ω“±—Å“õ–∞—É–ª—ã“õ—Ç–∞—Ä –±–µ—Ä–µ–¥—ñ! ","–ü—Å–∏—Ö–æ–±–æ—Ç–ø–µ–Ω —Å—ã—Ä–ª–∞—Å—É,–ë—ñ–∑ –∂–∞–π–ª—ã –∏–Ω—Ñ–æ—Ä–º–∞—Ü–∏—è,”©–∑—ñ–º–µ –∞–Ω–∞–ª–∏–∑","3,1,2",photo,https://ibb.co/Rh1015b
1,"–ë“±–ª –ø—Å–∏—Ö–æ–ª–æ–≥-–±–æ—Ç—Ç—ã“£ –º–∞“õ—Å–∞—Ç—ã –∞–¥–∞–º–¥–∞—Ä–¥—ã“£ –ø—Ä–æ–±–ª–µ–º–∞–ª–∞—Ä—ã–Ω—ã“£ —à–µ—à—ñ–º—ñ–Ω —Ç–µ–∑—ñ—Ä–µ–∫ —Ç–∞—É—ã–ø, –æ–Ω—ã –ø—Ä–æ—Ä–∞–±–æ—Ç–∫–∞ –∂–∞—Å–∞–ø, ”©–∑—ñ“£–¥—ñ –∂–∞“£–∞ —Ç“±–ª“ì–∞ —Ä–µ—Ç—ñ–Ω–¥–µ “õ–∞–ª—ã–ø—Ç–∞—Å—Ç—ã—Ä—É. –î–µ–ø—Ä–µ—Å—Å–∏—è–Ω—ã –∞–ª–¥—ã–Ω –∞–ª—ã–ø, ”©–º—ñ—Ä–≥–µ “õ“±—à—Ç–∞—Ä –±–æ–ª—É–¥—ã “Ø–π—Ä–µ—Ç—É",–ê—Ä—Ç“õ–∞,0,photo,https://ibb.co/5KNtmr0
2,"–ë“±–ª –ø—Å–∏—Ö–æ–ª–æ–≥-–±–æ—Ç—Ç—ã“£ –º–∞“õ—Å–∞—Ç—ã –∞–¥–∞–º–¥–∞—Ä–¥—ã“£ –ø—Ä–æ–±–ª–µ–º–∞–ª–∞—Ä—ã–Ω—ã“£ —à–µ—à—ñ–º—ñ–Ω —Ç–µ–∑—ñ—Ä–µ–∫ —Ç–∞—É—ã–ø, –æ–Ω—ã –ø—Ä–æ—Ä–∞–±–æ—Ç–∫–∞ –∂–∞—Å–∞–ø, ”©–∑—ñ“£–¥—ñ –∂–∞“£–∞ —Ç“±–ª“ì–∞ —Ä–µ—Ç—ñ–Ω–¥–µ “õ–∞–ª—ã–ø—Ç–∞—Å—Ç—ã—Ä—É. –î–µ–ø—Ä–µ—Å—Å–∏—è–Ω—ã –∞–ª–¥—ã–Ω –∞–ª—ã–ø, ”©–º—ñ—Ä–≥–µ “õ“±—à—Ç–∞—Ä –±–æ–ª—É–¥—ã “Ø–π—Ä–µ—Ç—É",–ö–µ—Ä—ñ “õ–∞–π—Ç—É,0,photo,https://ibb.co/Rh1015b
3,“ö–∞–∑—ñ—Ä —Å–æ—Å—Ç–æ—è–Ω–∏–µ “õ–∞–ª–∞–π?,"–ñ–∞–∫—Å—ã,–Ω–æ—Ä–º,–∂–∞–º–∞–Ω,–Ω–∞—à–∞—Ä","4,4,5,5",photo,https://ibb.co/Rh1015b
4,1-10“ì–∞ –¥–µ–π—ñ–Ω –Ω–µ—à–µ–≥–µ –±–∞–ª –±–µ—Ä–µ—Å—ñ“£ –∫”©“£—ñ–ª –∫“Ø–π—ñ“£–µ?,"1-3,4-7,8-10",3,photo,https://ibb.co/Rh1015b
5,–Ω–µ —Å–µ–±–µ–ø—Ç—ã,"–æ—Ç–±–∞—Å—ã –º”ô—Å–µ–ª–µ—Å—ñ, –∂“±–º—ã—Å—Ç–∞ –±–∏–∑–Ω–µ—Å—Ç–µ –ø—Ä–æ–±–ª–µ–º–∞–ª–∞—Ä, –æ—Ç–Ω–æ—à–µ–Ω–∏–µ–¥–µ “õ–∏—ã–Ω–¥—ã“õ—Ç–∞—Ä, –¥–µ–Ω—Å–∞—É–ª—ã“õ –º”ô—Å–µ–ª–µ—Å—ñ,–ï–Ω—Ç —ç–∫–∑–∞–º–µ–Ω “õ–æ—Ä“õ–∞–º","6,7,8,9,9,9",photo,https://ibb.co/Rh1015b
6,–û—Ç–±–∞—Å—ã–Ω–¥–∞ “õ–∞–Ω–¥–∞–π –ø—Ä–æ–±–ª–µ–º–∞?,–∞—Ç–∞-–∞–Ω–∞ —Ç“Ø—Å—ñ–Ω–±–µ–π–¥—ñ,9,photo,https://ibb.co/Rh1015b
7,–∂“±–º—ã—Å—ã–Ω–¥–∞ “õ–∞–Ω–¥–∞–π “õ–∏—ã–Ω–¥—ã“õ?,"–±–∞–Ω–∫—Ä–æ—Ç –±–æ–ª—É–¥–∞–Ω “õ–æ—Ä“õ–∞–º,–∫—Ä–µ–¥–∏—Ç –∂–∞–±–∞ –∞–ª–º–∞–π–º—ã–Ω –±–∞ –¥–µ–ø “õ–æ—Ä“õ–∞–º—ã–Ω üò®",9,photo,https://ibb.co/Rh1015b
8,–æ—Ç–Ω–æ—à–µ–Ω–∏–µ–¥–µ “õ–∞–Ω–¥–∞–π “õ–∏—ã–Ω–¥—ã“õ,"–∂—ñ–≥—ñ—Ç—ñ–º–º–µ–Ω –∞–π—ã—Ä—ã–ª—ã—Å—Ç—ã–º,“õ—ã–∑—ã–º–º–µ–Ω –∞–π—ã—Ä—ã–ª—ã—Å—Ç—ã–º",9,photo,https://ibb.co/Rh1015b
9,–æ—Å—ã –º–µ–¥–∏—Ç–∞—Ü–∏—è–Ω—ã —Ç—ã“£–¥–∞–ø –∫”©“£—ñ–ª –∫“Ø–π—ñ“£–¥—ñ –±—ñ—Ä —Å–µ—Ä–≥—ñ—Ç—ñ–ø –∞–ª,–ú–µ–¥–∏—Ç–∞—Ü–∏—è –∂–∞—Å–∞–ø –±–æ–ª–¥—ã–º,10,photo,https://ibb.co/Rh1015b
10,–º–µ–¥–∏—Ç–∞—Ü–∏—è–¥–∞–Ω –∫–µ–π—ñ–Ω —Å–æ—Å—Ç–æ—è–Ω–∏–µ –∫–∞–ª–∞–π –±–æ–ª–¥—ã?,"1-3,4-7,8-10","0,0,0",photo,https://ibb.co/Rh1015b